Nombre del campo,Descripción del campo
area,Área
ciudad,Ciudad
conglomerado,Conglomerado
vivienda,Vivienda
hogar,N° hogar
Persona,Persona
s1p3,Edad
s2p1,¿Se matriculó o inscribió en el año escolar (2020-2021)?
s2p2a,¿En qué nivel y año se matriculó o inscribió (….) en el año escolar (2019 - 2020) Nivel ?
s2p2b,¿En qué nivel y año se matriculó o inscribió (….) en el año escolar (2019 - 2020) Año ?
s2p3,¿Cuántas veces se ha matriculado o inscrito (……) en el año o curso indicado anteriormente?
s2p41,La institución educativa donde se matriculó o inscribió (...) tiene en funcionamiento 1. ¿Computadores?
s2p42,Tiene en funcionamiento para sus actividades educativas: 2. ¿Internet?
s2p43,Tiene en funcionamiento para sus actividades educativas: 3. ¿Canchas deportivas?
s2p44,Tiene en funcionamiento para sus actividades educativas: 4. ¿Bibliotecas?
s2p45,Tiene en funcionamiento para sus actividades educativas: 5. ¿Laboratorios (física/química)?
s2p5,¿El establecimiento donde se matriculó o inscribió (…..) es: ?
s2p6,¿El establecimiento donde se matriculó o inscribió (…..) el año pasado (año lectivo 2018-2019) fue: ?
s2p7a,¿En el establecimiento donde estudia (…) tuvo que entregar algún aporte voluntario por matrícula ? 
s2p7b,¿En el establecimiento donde estudia (…) tuvo que entregar algún aporte voluntario por matrícula: Monto ?
s2p8,"¿En el establecimiento donde se matriculó o inscribió, (….) recibió textos escolares gratuitos ?"
s2p9,"¿En el establecimiento donde se matriculó o inscribió, (…) recibió uniformes escolares gratuitos ?"
s2p10a,¿En el establecimiento al que asiste (….) recibe alimentación escolar ?
s2p10b,En el establecimiento al que asiste (….) recibe alimentación escolar ¿con qué frecuencia? 
s6p1a,¿Utiliza bicicleta?
s6p1b,¿Con qué frecuencia la usa: ?
s6p2,"En su rutina diaria ¿Qué medio utiliza principalmente (…) para trasladarse desde su hogar al trabajo, establecimiento educativo, etc.?"
s6p3,¿Cuál es la razón principal?
s6p4,"En la semana pasada, ¿Hizo ejercicios ó practicó algún deporte?"
s6p4a,¿Cuánto tiempo? lunes a viernes - horas 
s6p4b,¿Cuánto tiempo? lunes a viernes - minutos
s6p4c,¿Cuánto tiempo? sábado y domingo - horas
s6p4d,¿Cuánto tiempo? sábado y domingo - minutos
s7p1a,¿(…) tiene teléfono celular activado?
s7p1b,¿Cúantos?
s7p1a1,"¿El (los) teléfono (s) celular (es) que tiene (…..) es/son SMARTPHONE (teléfono Inteligente, se puede comunicar a través de Wi-Fi, e-mails, red de datos, etc.)?"
s7p1b1,Utiliza en su teléfono celular Internet?
s7p1b2,Utiliza en su teléfono ¿Redes Sociales?
s7p1b3,Utiliza en su teléfono ¿Wifi Bluetoot?
s7p1b4,"Utiliza en su teléfono mail, ¿correo electrónico?"
s7p1b5,Utiliza en su teléfono ¿GPS?
s7p1b6,"Descarga de juegos, música, etc.?"
s7p2,"¿Ha usado el Internet, desde cualquier lugar en los últimos 12 meses?"
s7p211,Alter. 1 ¿Para qué servicios / actividades usó (…) el Internet:
s7p212,Alter. 2 ¿Para qué servicios / actividades usó (…) el Internet:
s7p213,Alter. 3 ¿Para qué servicios / actividades usó (…) el Internet:
s7p214,Alter. 4 ¿Para qué servicios / actividades usó (…) el Internet:
s7p3,"¿En qué lugar uso el internet con mayor frecuencia, en los últimos 12 meses?"
s7p4,¿Con que frecuencia usó el Internet en los últimos 12 meses:
s7p5,¿Cuántas horas en total dedicó al Internet?
s7p6,"¿Ha usado la computadora, desde cualquier lugar en los últimos 12 meses?"
s7p71,"Copiar o mover un archivo (imagen, documento Word, Excel, pdf, etc.) o una carpeta?"
s7p72,"Copiar y pegar para duplicar o mover información en un documento (word, excel, etc.)?"
s7p73,"Envíar correos electrónicos con archivos adjuntos (imagen, documento Word, excel, pdf, etc.)?"
s7p74,"Utilizar fórmulas aritméticas (suma, resta, multiplicación y división) en una hoja de cálculo?"
s7p75,"Conectar e instalar nuevos dispositivos (Ejemplo. Un módem, una cámara o una impresora)?"
s7p76,"Buscar, descargar, instalar y configurar un software?"
s7p77,"Elaborar presentaciones (power point, prezi, slideshare etc.)?"
s7p78,"Transferir archivos entre un equipo y otros dispositivos (flash memory, disco externo)?"
s7p79,Escribir un programa informático en un lenguaje de programación especializado?
estrato,Estrato
fexp,Factor de expansión 
upm,Unidad Primaria de Muestreo 
id_hogar,Identificador de Hogar
id_per,Identificador de Persona
