Variable,Descripción
AREA,AREA
CIUDAD,CIUDAD
ZONA,ZONA
SECTOR,SECTOR
VIVIENDA,VIVIENDA
HOGAR,HOGAR
PERSONA,1. PERSONA
P02,P02. Sexo
P03,P03. Edad
P04,P04. Parentesco
P05A,P05A. Seguro - Alt1
P05B,P05B. Seguro - Alt2
P06,P06. Estado Civil
P07,P07. Qué idioma o lengua habla
P08,P08. Cómo se identifica según sus costumbres
P09,P09. Asiste actualmente a clases
P10,P10. Asiste a la jornada de
P11,P11. Razón por la que NO asiste a clases
P12A,P12A. Nivel de instrucción
P12B,P12B. Año más alto que aprobó
P13,P13. Sabe leer y escribir
P14A,P14A. Obtuvo algún título superior
P14B,P14B. Qué título obtuvo
INFORMA,Persona que informa
P15,P15. Trabajó la semana pasada
P16,P16. Ayudó dentro o fuera de su casa en
P17,"P17. Aunque no trabajó la semana pasada, tiene algún trabajo"
P18,P18. Razón por la que no trabajó la semana pasada
P19A,P19A. Trabajó lunes a viernes - Horas
P19B,P19B. Trabajó lunes a viernes - Minutos
P19C,P19C. Trabajó sabado a domingo - Horas
P19D,P19D. Trabajó sabado a dominto - Minutos
P20A,P20A. Traslado al trabajo - lunes a viernes - horas
P20B,P20B. Traslado al trabajo - lunes a viernes - minutos
P20C,P20C. Traslado al trabajo - sabado a domingo - horas
P20D,P20D. Traslado al trabajo - sabado a dominto - minutos
P21,P21. Buscó trabajo las ultimas 4 semanas en
P22,P22. Dedicó tiempo para buscar trabajo la semana pasada
P22A,P22A. Busca de trabajo - lunes a viernes - horas
P22B,P22B. Busca de trabajo - lunes a viernes - minutos
P22C,P22C. Busca de trabajo - sábado a domingo - horas
P22D,P22D. Busca de trabajo - sábado a domingo - minutos
P23,P23. Usted es:
P24,P24. Rama de actividad de la ocupación principal
P25,P25. Grupo de ocupación de la ocupación principal
P26,P26. En esta ocupación es
P27,P27. Es socio de:
P28,P28. Está registrado en
P29,P29. Sitio de trabajo
P30,P30. Número de trabajos en la semana pasada
P31A,P31A. Horas de trabajo - Ocup. Principal
P31B,P31B. Horas de trabajo - Ocup. Secundaria
P31C,P31C. Horas de trabajo - Otras ocupaciones
P32,"P32. Ingreso por venta de productos, bienes o servicios"
P33A,"P33A. Retiró de su negocio productos, bienes o servicios"
P33B,"P33B. Monto equivalente al retiro de productos, bienes o servicios"
P34,P34. Gasto realizado para el funcionamiento del negocio
P35,P35. Ingreso líquido por concepto de sueldo o salario
P36,"P36. Descuentos por IESS, impuesto a la renta, comisariatos, .."
P37A,"P37A. Recibió ingresos en especies: alimentos, vivienda, vestido,.."
P37B,P37B. Monto equivalente a lo recibido en especies
P38,P38. Ingreso monetario total en la ocupación secundaria
P39A,P39A. Recibió ingresos en especies de la ocupación secundaria
P39B,P39B. Monto equivalente a lo recibido en especies de la ocup. secundaria
P40A,P40A. Recibió ingresos derivados del capital o inversiones
P40B,P40B. Monto - Ingresos del capital o inversiones
P41A,"P41A. Recibió ingresos por pensión, viudez, jubilación,.."
P41B,"P41B. Monto - Ingresos de pensión, viudez, jubilación, .."
P42A,P42A. Recibió ingresos por regalos o donaciones
P42B,P42B. Monto - Ingresos de regalos o donaciones
P43A,P43A. Recibió ingresos por remesas del exterior
P43B,P43B. Monto - Ingresos por remesas del exterior
P44,P44. Recibe el Bono de Desarrollo Humano
P45,P45. Monto - Ingreso por concepto de BDH
P46,P46. Dedicó tiempo para cobrar el BDH
P46A,P46A. Tiempo para cobrar BDH - lunes a viernes - horas
P46B,P46B. Tiempo para cobrar BDH - lunes a viernes - minutos
P46C,P46C. Tiempo para cobrar BDH - sábado a domingo - horas
P46D,P46D. Tiempo para cobrar BDH - sábado a domingo - minutos
P47,P47. Recibe el Bono de Discapacidad Joaquín Gallegos Lara
P48,P48. Monto - Bono de Discapacidad Joaquín Gallegos Lara
P49,P49. Dedicó tiempo para cobrar el BJGL
P49A,P49A. Tiempo para cobrar BJGL - lunes a viernes - horas
P49B,P49B. Tiempo para cobrar BJGL - lunes a viernes - minutos
P49C,P49C. Tiempo para cobrar BJGL - sábado a domingo - horas
P49D,P49D. Tiempo para cobrar BJGL - sábado a domingo - minutos
PPS1,PPS1. Tiene algún tipo de discapacidad
PPS2,PPS2. Asiste a algún programa de atención para discapacitados
PPS3,PPS3. El programa de atención para discapacitados es
PPS4A,PPS4A. Días a la semana que asistió al programa
PPS4B,PPS4B. Hóras por día que asistió al programa
PPS5,PPS5. Razón por la que no asiste a un programa de atención para discapacitados
PPS6,PPS6. Recibe el bono de discapacidad
PPS7,PPS7. Monto recibido por concepto del bono de discapacidad
PPS8,PPS8. Le dedicó tiempo para cobrar el bono de discapacidad
PPS8A,PPS8A. Tiempo cobrar bono discapacidad - lunes a viernes - horas
PPS8B,PPS8B. Tiempo cobrar bono discapacidad - lunes a viernes - minutos
PPS8C,PPS8C. Tiempo cobrar bono discapacidad - sábado a domingo - horas
PPS8D,PPS8D. Tiempo cobrar bono discapacidad - sábado a domingo - minutos
PPS9,PPS9. Asiste a un programa de personas adultas mayores
PPS10,PPS10. El programa al que asiste es
PPS11A,PPS11A. Días a la semana que asistió al programa de adultos mayores
PPS11B,PPS11B. Horas por día que asistió al programa de adultos mayores
PPS12,PPS12. Razón por la que no asiste al programa de adultos mayores
PPS13,PPS13. Recibe el bono JUBILAR
PPS14,PPS14. Monto recibido por concepto del bono JUBILAR
PPS15,PPS15. Dedicó tiempo para cobrar el bono JUBILAR
PPS15A,PPS15A. Tempo cobrar el bono JUBILAR - lunes a viernes - horas
PPS15B,PPS15B. Tiempo cobrar el bono JUBILAR - lunes a viernes - minutos
PPS15C,PPS15C. Tiempo cobrar el bono JUBILAR - sábado a domingo - horas
PPS15D,PPS15D. Tiempo cobrar el bono JUBILAR - sábado a domingo - minutos
PPS16,PPS16. Asiste a un programa de desarrollo infantil
PPS17,PPS17. El programa de desarrollo infantil es
PPS18A,PPS18A. Días a la semana que asiste al programa de desarr. infantil
PPS18B,PPS18B. Horas por día que asiste al programa de desarr. infantil
PPS19,PPS19. Razón por la que no asiste al programa de desarrollo infantil
PPS20,PPS20. Recibe asistencia domiciliaria por parte del INFA
PPS21,PPS21. Quién le atiende principalmente en el hogar
CED01A,CED01A. Tiene cédula de identidad
TRESUL,Resultado de la entrevista
UT02A,UT02A. Cuánto tiempo durmió - Lun. a Vier. - Horas
UT02B,UT02B. Cuánto tiempo durmió - Lun a Vier - Minutos
UT02C,UT02C. Cuánto tiempo durmió - Sáb y Dom - Horas
UT02D,UT02D. Cuánto tiempo durmió - Sáb y Dom - Minutos
UT03A,UT03A. Tiempo en comer - Lun a Vier - Horas
UT03B,UT03B. Tiempo en comer - Lun a Vier - Minutos
UT03C,UT03C. Tiempo en comer - Sab y Dom - Horas
UT03D,UT03D. Tiempo en comer - Sab y Dom - Minutos
UT04A,UT04A. Tiempo en cuidado personal  - Lun a Vier - Horas
UT04B,UT04B. Tiempo en cuidado personal - Lun a Vier - Minutos
UT04C,UT04C. Tiempo en cuidado personal - Sab y Dom - Horas
UT04D,UT05D. Tiempo en cuidado personal - Sab y Dom - Minutos
UT05,UT05. Pasó enfermo en cama o recuperándose de enfermedad
UT05A,UT05A. Tiempo enfermedad - Lun a Vier - Horas
UT05B,UT05B. Tiempo enfermedad - Lun a Vier - Minutos
UT05C,UT05C. Tiempo enfermedad - Sab y Dom - Horas
UT05D,UT05D. Tiempo enfermedad - Sab y Dom - Minutos
UT06,UT06. Por la enfermedad que tuvo
UT07,"UT07. Razón por la que no fue a un médico, enfermera,.."
UT08,UT08. En dónde tuvo lugar la atención la ultima vez
UT09A,UT09A. Tiempo traslado casa a lugar atención - Lun a Vier - Horas
UT09B,UT09B. Tiempo traslado casa a lugar atención - Lun a Vier - Minutos
UT09C,UT09C. Tiempo traslado casa a lugar atención - Sab y Dom - Horas
UT09D,UT09D. Tiempo traslado casa a lugar atención - Sab y Dom - Minutos
UT10,"UT10. Fue a consulta médica, se hizo algún análisis,.."
UT10A,UT10A. Tiempo en consulta médica o análisis - Lun a Vier - Horas
UT10B,UT10B. Tiempo en consulta médica o análisis - Lun a Vier - Minutos
UT10C,UT10C. Tiempo en consulta médica o análisis - Sab y Dom - Horas
UT10D,UT10D. Tiempo en consulta médica o análisis - Sab y Dom - Minutos
UT11,"UT11. Dedicó tiempo a asistir a clases en escuela, colegio, universidad,.."
UT11A,UT11A. Tiempo dedicado en asistir a clases - Lun a Vier - Horas
UT11B,UT11B. Tiempo dedicado en asistir a clases - Lun a Vier - Minutos
UT11C,UT11C. Tiempo dedicado en asistir a clases - Sab y Dom - Horas
UT11D,UT11D. Tiempo dedicado en asistir a clases - Sab y Dom - Minutos
UT12,"UT12. Dedicó tiempo en trasladarse a escuela, colegio o universidad,..."
UT12A,UT12A. Tiempo dedicado en trasladarse a clases - Lun a Vier - Horas
UT12B,UT12B. Tiempo dedicado en trasladarse a clases - Lun a Vier - Minutos
UT12C,UT12C. Tiempo dedicado en trasladarse a clases - Sab y Dom - Horas
UT12D,UT12D. Tiempo dedicado en trasladarse a clases - Sab y Dom - Minutos
UT13,UT13. Dedicó tiempo para realizasr los deberes escolares
UT13A,UT13A. Tiempo dedicado realizar deberes escolares - Lun a Vier - Horas
UT13B,UT13B. Tiempo dedicado realizar deberes escolares - Lun a Vier - Minutos
UT13C,UT13C. Tiempo dedicado realizar deberes escolares - Sab y Dom - Horas
UT13D,UT13D. Tiempo dedicado realizar deberes escolares - Sab y Dom - Minutos
UT14,UT14. Dedicó tiempo en clases de nivelación o refuerzo pedagógico
UT14A,UT14A. Tiempo dedicado en clases de nivelación - Lun a Vier - Horas
UT14B,UT14B. Tiempo dedicado en clases de nivelación - Lun a Vier - Minutos
UT14C,UT14C. Tiempo dedicado en clases de nivelación - Sab y Dom - Horas
UT14D,UT14D. Tiempo dedicado en clases de nivelación - Sab y Dom - Minutos
UT15,"UT15. Cocinó o preparó alimentos para el desayuno, almuerzo, merienda"
UT15A,UT15A. Tiempo en preparar alimentos  - Lun a Vier - Horas
UT15B,UT15B. Tiempo en preparar alimentos  - Lun a Vier - Minutos
UT15C,UT15C. Tiempo en preparar alimentos - Sab y Dom - Horas
UT15D,UT15D. Tiempo en preparar alimentos - Sab y Dom - Minutos
UT16,"UT16. Sirvió la comida, puso la mesa, levantó platos o calentó comida"
UT16A,"UT16A. Tiempo en servir comida, poner mesa, ..- Lun a Vier - Horas"
UT16B,"UT16B. Tiempo en servir comida, poner mesa, ..- Lun a Vier - Minutos"
UT16C,"UT16C. Tiempo en servir comida, poner mesa, ..- Sab y Dom - Horas"
UT16D,"UT16D. Tiempo en servir comida, poner mesa, ..- Sab y Dom - Minutos"
UT17,"UT17. Lavó vajilla, los secó y acomodó"
UT17A,"UT17A. Tiempo en lavar vajilla, secar y acomodar - Lun a Vier - Horas"
UT17B,"UT17B. Tiempo en lavar vajilla, secar y acomodar - Lun a Vier - Minutos"
UT17C,"UT17C. Tiempo en lavar vajilla, secar y acomodar - Sab y Dom - Horas"
UT17D,"UT17D. Tiempo en lavar vajilla, secar y acomodar - Sab y Dom - Minutos"
UT18,UT18. Limpió el lugar donde prepara los alimentos
UT18A,UT18A. Tiempo en limpiar lugar prepara alimentos - Lun a Vier - Horas
UT18B,UT18B. Tiempo en limpiar lugar prepara alimentos - Lun a Vier - Minutos
UT18C,UT18C. Tiempo en limpiar lugar prepara alimentos - Sab y Dom - Horas
UT18D,UT18D. Tiempo en limpiar lugar prepara alimentos - Sab y Dom - Minutos
UT19,"UT19. Desgranó, molió, tostó, lavó semillas"
UT19A,"UT19A. Tiempo en desgranar, moler, tostar - Lun a Vier - Horas"
UT19B,"UT19B. Tiempo en desgranar, moler, tostar - Lun a Vier - Minutos"
UT19C,"UT19C. Tiempo en desgranar, moler, tostar - Sab y Dom - Horas"
UT19D,"UT19D. Tiempo en desgranar, moler, tostar - Sab y Dom - Minutos"
UT20,UT20. Destiló bebidas alcohólicas o preparó bebidas no alcohólicas
UT20A,UT20A. Tiempo preparar bebidas alcoh. y no alcoh. - Lun a Vier - Horas
UT20B,UT20B. Tiempo preparar bebidas alcoh. y no alcoh. - Lun a Vier - Minutos
UT20C,UT20C. Tiempo preparar bebidas alcoh. y no alcoh. - Sab y Dom - Horas
UT20D,UT20D. Tiempo preparar bebidas alcoh. y no alcoh. - Sab y Dom - Minutos
UT21,UT21. Hizo faenamiento de animales
UT21A,UT21A. Tiempo faenamiento de animales - Lun a Vier - Horas
UT21B,UT21B. Tiempo faenamiento de animales - Lun a Vier - Minutos
UT21C,UT21C. Tiempo faenamiento de animales - Sab y Dom - Horas
UT21D,UT21D. Tiempo faenamiento de animales - Sab y Dom - Minutos
UT22,"UT22. Llevó almuerzo o comida a un miembro de hogar al trabajo, escuela,.."
UT22A,UT22A. Tiempo dedicado en llevar comida - Lun a Vier - Horas
UT22B,UT22B. Tiempo dedicado en llevar comida - Lun a Vier - Minutos
UT22C,UT22C. Tiempo dedicado en llevar comida - Sab y Dom - Horas
UT22D,UT22D. Tiempo dedicado en llevar comida - Sab y Dom - Minutos
UT23,UT23. Encendió el fogó de leña o carbón
UT23A,UT23A. Tiempo en encender el fogón leña o carbón - Lun a Vier - Horas
UT23B,UT23B. Tiempo en encender el fogón leña o carbón - Lun a Vier - Minutos
UT23C,UT23C. Tiempo en encender el fogón leña o carbón - Sab y Dom - Horas
UT23D,UT23D. Tiempo en encender el fogón leña o carbón - Sab y Dom - Minutos
UT24,"UT24. Preparó conservas, dulces para consumo del hogar"
UT24A,UT24A. Tiempo en preparar dulces - Lun a Vier - Horas
UT24B,UT24B. Tiempo en preparar dulces - Lun a Vier - Minutos
UT24C,UT24C. Tiempo en preparar dulces - Sab  y Dom - Horas
UT24D,UT24D. Tiempo en preparar dulces - Sab y Dom - Minutos
UT25,"UT25. Preparó pan, empanadas para el hogar"
UT25A,"UT25A. Tiempo en preparar pan, empanadas - Lun a Vier - Horas"
UT25B,"UT25B. Tiempo en preparar pan, empanadas - Lun a Vier - Minutos"
UT25C,"UT25C. Tiempo en preparar pan, empanadas - Sab y Dom - Horas"
UT25D,"UT25D. Tiempo en preparar pan, empanadas - Sab y Dom - Minutos"
UT26,"UT26. Preparó otros alimentos como: leche de soya, bolones, bollos,.."
UT26A,UT26A. Tiempo en preparar otros alimentos - Lun a Vier - Horas
UT26B,UT26B. Tiempo en preparar otros alimentos - Lun a Vier - Minutos
UT26C,UT26C. Tiempo en preparar otros alimentos - Sab y Dom - Horas
UT26D,UT26D. Tiempo en preparar otros alimentos - Sab y Dom - Minutos
UT27,UT27. Preparó quesos y otros productos lácteos para el hogar
UT27A,UT27A. Tiempo en preparar productos lácteos - Lun a Vier - Horas
UT27B,UT27B. Tiempo en preparar productos lácteos - Lun a Vier - Minutos
UT27C,UT27C. Tiempo en preparar productos lácteos - Sab y Dom - Horas
UT27D,UT27D. Tiempo en preparar productos lácteos - Sab y Dom - Minutos
UT28,"UT28. Secó maíz, café, cereales u otros granos para consumo del hogar"
UT28A,UT28A. Tiempo en secar granos - Lun a Vier - Horas
UT28B,UT28B. Tiempo en secar granos - Lun a Vier - Minutos
UT28C,UT28C. Tiempo en secar granos - Sab y Dom - Horas
UT28D,UT28D. Tiempo en secar granos - Sab y Dom - Minutos
UT29,UT29. Secó carnes para consumo del hogar
UT29A,UT29A. Tiempo en secar carnes - Lun a Vier - Horas
UT29B,UT29B. Tiempo en secar carnes - Lun a Vier - Minutos
UT29C,UT29C. Tiempo en secar carnes - Sab y Dom - Horas
UT29D,UT29D. Tiempo en secar carnes - Sab y Dom - Minutos
UT30,UT30. Secó productos de pesca para consumo del hogar
UT30A,UT30A. Tiempo en secar productos pesca - Lun a Vier - Horas
UT30B,UT30B. Tiempo en secar productos pesca - Lun a Vier - Minutos
UT30C,UT30C. Tiempo en secar productos pesca - Sab y Dom - Horas
UT30D,UT30D. Tiempo en secar productos pesca - Sab y Dom - Minutos
UT31,UT31. Tendió las camas y/o recogió el lugar donde se duerme
UT31A,UT31A. Tiempo en tender camas - Lun a Vier - Horas
UT31B,UT31B. Tiempo en tender camas - Lun a Vier - Minutos
UT31C,UT31C. Tiempo en tender camas - Sab y Dom - Horas
UT31D,UT31D. Tiempo en tender camas - Sab y Dom - Minutos
UT32,UT32. Limpió o lavó el baño
UT32A,UT32A. Tiempo en limpiar o lavar el baño - Lun a Vier - Horas
UT32B,UT32B. Tiempo en limpiar o lavar el baño - Lun a Vier - Minutos
UT32C,UT32C. Tiempo en limpiar o lavar el baño - Sab y Dom - Horas
UT32D,UT32D. Tiempo en limpiar o lavar el baño - Sab y Dom - Minutos
UT33,UT33. Hizo limpieza en su casa excepto cocina y baño
UT33A,UT33A. Tiempo en limpieza de su casa - Lun a Vier - Horas
UT33B,UT33B. Tiempo en limpieza de su casa - Lun a Vier - Minutos
UT33C,UT33C. Tiempo en limpieza de su casa - Sab y Dom - Horas
UT33D,UT33D. Tiempo enl limpieza de su casa - Sab y Dom - Minutos
UT34,UT34. Acarreó agua para consumo del hogar
UT34A,UT34A. Tiempo en acarrear agua - Lun a Vier - Horas
UT34B,UT34B. Tiempo en acarrear agua - Lun a Vier - Minutos
UT34C,UT34C. Tiempo en acarrear agua - Sab y Dom - Horas
UT34D,UT34D. Tiempo en acarrear agua - Sab y Dom - Minutos
UT35,UT35. Calentó agua para bañarse
UT35A,UT35A. Tiempo en calentar agua para bañarse - Lun a Vier - Horas
UT35B,UT35B. Tiempo en calentar agua para bañarse - Lun a Vier - Minutos
UT35C,UT35C. Tiempo en calentar agua para bañarse - Sab y Dom - Horas
UT35D,UT35D. Tiempo en calentar agua para bañarse - Sab y Dom - Minutos
UT36,UT36. Lavó o secó algún vehículo del hogar
UT36A,UT36A. Tiempo en lavar o secar vehículo - Lun a Vier - Horas
UT36B,UT36B. Tiempo en lavar o secar vehículo - Lun a Vier - Minutos
UT36C,UT36C. Tiempo en lavar o secar vehículo - Sab y Dom - Horas
UT36D,UT36D. Tiempo en lavar o secar vehículo - Sab y Dom - Minutos
UT37,UT37. Dedicó tiempo para cuidado de mascotas
UT37A,UT37A. Tiempo en cuidado de mascotas - Lun a Vier - Horas
UT37B,UT37B. Tiempo en cuidado de mascotas - Lun a Vier - Minutos
UT37C,UT37C. Tiempo en cuidado de mascotas - Sab y Dom - Horas
UT37D,UT37D. Tiempo en cuidado de mascotas - Sab y Dom - Minutos
UT38,UT38. Realizó actividades de jardinería
UT38A,UT38A. Tiempo en actividades de jardinería - Lun a Vier - Horas
UT38B,UT38B. Tiempo en actividades de jardinería - Lun a Vier - Minutos
UT38C,UT38C. Tiempo en actividades de jardinería - Sab y Dom - Horas
UT38D,UT38D. Tiempo en actividades de jardinería - Sab y Dom - Minutos
UT39,"UT39. Botó, quemó, enterró o recicló basura"
UT39A,"UT39A. Tiempo en botar, quemar, reciclar basura - Lun a Vier - Horas"
UT39B,"UT39B. Tiempo en botar, quemar, reciclar basura - Lun a Vier - Minutos"
UT39C,"UT39C. Tiempo en botar, quemar, reciclar basura - Sab y Dom - Horas"
UT39D,"UT39D. Tiempo en botar, quemar, reciclar basura - Sab y Dom - Minutos"
UT40,UT40. Lavó o limpió calzado de algún miembro de hogar
UT40A,UT40A. Tiempo en lavar o limpiar calzado - Lun a Vier - Horas
UT40B,UT40B. Tiempo en lavar o limpiar calzado - Lun a Vier - Minutos
UT40C,UT40C. Tiempo en lavar o limpiar calzado - Sab y Dom - Horas
UT40D,UT40D. Tiempo en lavar o limpiar calzado - Sab y Dom - Minutos
UT41,UT41. Lavó su ropa o la de algún miembro de hogar
UT41A,UT41A. Tiempo en lavar ropa - Lun a Vier - Horas
UT41B,UT41B. Tiempo en lavar ropa - Lun a Vier - Minutos
UT41C,UT41C. Tiempo en lavar ropa - Sab y Dom - Horas
UT41D,UT41D. Tiempo en lavar ropa - Sab y Dom - Minutos
UT42,UT42. Planchó su ropa y/o la de algún miembro de hogar
UT42A,UT42A. Tiempo en planchar ropa - Lun a Vier - Horas
UT42B,UT42B. Tiempo en planchar ropa - Lun a Vier - Minutos
UT42C,UT42C. Tiempo en planchar ropa - Sab y Dom - Horas
UT42D,UT42D. Tiempo en planchar ropa - Sab y Dom - Minutos
UT43,UT43. Llevó ropa al servicio de lavado y secado
UT43A,UT43A. Tiempo en llevar ropa al serv. de lavado - Lun a Vier - Horas
UT43B,UT43B. Tiempo en llevar ropa al serv. de lavado - Lun a Vier - Minutos
UT43C,UT43C. Tiempo en llevar ropa al serv. de lavado - Sab y Dom - Horas
UT43D,UT43D. Tiempo en llevar ropa al serv. de lavado - Sab y Dom - Minutos
UT44,UT44. Dobló y guardó ropa en su lugar
UT44A,UT44A. Tiempo en doblar y guardar ropa - Lun a Vier - Horas
UT44B,UT44B. Tiempo en doblar y guardar ropa - Lun a Vier - Minutos
UT44C,UT44C. Tiempo en doblar y guardar ropa - Sab y Dom - Horas
UT44D,UT44D. Tiempo en doblar y guardar ropa - Sab y Dom - Minutos
UT45,"UT45. Tejió, bordó, cosió o confeccionó prendas de vestir para el hogar"
UT45A,UT45A. Tiempo en confeccionar prendas vestir - Lun a Vier - Horas
UT45B,UT45B. Tiempo en confeccionar prendas vestir - Lun a Vier - Minutos
UT45C,UT45C. Tiempo en confeccionar prendas vestir - Sab y Dom - Horas
UT45D,UT45D. Tiempo en confeccionar prendas vestir - Sab y Dom - Minutos
UT46,UT46. Realizó compras de víveres y otros artículos para el hogar
UT46A,UT46A. Tiempo en compra de víveres - Lun a Vier - Horas
UT46B,UT46B. Tiempo en compra de víveres - Lun a Vier - Minutos
UT46C,UT46C. Tiempo en compra de víveres - Sab y Dom - Horas
UT46D,UT46D. Tiempo en compra de víveres - Sab y Dom - Minutos
UT47,UT47. Hizo compras diarias en el barrio o comunidad
UT47A,UT47A. Tiempo en compras diarias - Lun a Vier - Horas
UT47B,UT47B. Tiempo en compras diarias - Lun a Vier - Minutos
UT47C,UT47C. Tiempo en compras diarias - Sab y Dom - Horas
UT47D,UT47D. Tiempo en compras diarias - Sab y Dom - Minutos
UT48,UT48. Compró medicinas o ingredientes para remedios
UT48A,UT48A. Tiempo en compra de medicinas - Lun a Vier - Horas
UT48B,UT48B. Tiempo en compra de medicinas - Lun a Vier - Minutos
UT48C,UT48C. Tiempo en compra de medicinas - Sab y Dom - Horas
UT48D,UT48D. Tiempo en compra de medicinas - Sab y Dom - Minutos
UT49,"UT49. Compró o acompañó a comprar útiles escolares, ropa o zapatos"
UT49A,"UT49A. Tiempo compra útiles escolares, ropa - Lun a Vier - Horas"
UT49B,"UT49B. Tiempo compra útiles escolares, ropa - Lun a Vier - Minutos"
UT49C,"UT49C. Tiempo compra útiles escolares, ropa - Sab y Dom - Horas"
UT49D,"UT49D. Tiempo compra útiles escolares, ropa - Sab y Dom - Minutos"
UT50,"UT50. Compró utensillos, enseres domésticos para el hogar"
UT50A,UT50A. Tiempo compra de enseres domésticos - Lun a Vier - Horas
UT50B,UT50B. Tiempo compra de enseres domésticos - Lun a Vier - Minutos
UT50C,UT50C. Tiempo compra de enseres domésticos - Sab y Dom - Horas
UT50D,UT50D. Tiempo compra de enseres domésticos - Sab y Dom - Minutos
UT51,UT51. Compró o alquiló aparatos ortopédicos o terapéuticos
UT51A,"UT51A. Tiempo compra, alquiler aparatos ortopédicos - Lun a Vier - Horas"
UT51B,"UT51B. Tiempo compra, alquiler aparatos ortopédicos - Lun a Vier - Minutos"
UT51C,"UT51C. Tiempo compra, alquiler aparatos ortopédicos - Sab y Dom - Horas"
UT51D,"UT51D. Tiempo compra, alquiler aparatos ortopédicos - Sab y Dom - Minutos"
UT52,"UT52. Realizó trámites para compra o alquiler de vivienda, terreno o vehículo"
UT52A,"UT52A. Tiempo trámites compra, alquiler vivienda, .. - Lun a Vier - Horas"
UT52B,"UT52B. Tiempo trámites compra, alquiler vivienda, .. - Lun a Vier - Minutos"
UT52C,"UT52C. Tiempo trámites compra, alquiler vivienda, .. - Sab y Dom - Horas"
UT52D,"UT52D. Tiempo trámites compra, alquiler vivienda, .. - Sab y Dom - Minutos"
UT53,"UT53. Realizo pagos de servicios básicos (luz, agua, teléfono,..)"
UT53A,UT53A. Tiempo en pagos de serv. básicos - Lun a Vier - Horas
UT53B,UT53B. Tiempo en pagos de serv. básicos - Lun a Vier - Minutos
UT53C,UT53C. Tiempo en pagos de serv. básicos - Sab y Dom - Horas
UT53D,UT53D. Tiempo en pagos de serv. básicos - Sab y Dom - Minutos
UT54,"UT54. Realizó trámites o pagos en oficinas de gobierno, bancos, ..."
UT54A,"UT54A. Tiempo en pagos o trámites en of. gobierno, bancos - Lun a Vier - Horas"
UT54B,"UT54B. Tiempo en pagos o trámites en of. gobierno, bancos - Lun a Vier - Minutos"
UT54C,"UT54C. Tiempo en pagos o trámites en of. gobierno, bancos - Sab y Dom - Horas"
UT54D,"UT54D. Tiempo en pagos o trámites en of. gobierno, bancos - Sab y Dom - Minutos"
UT55,"UT55. Ordenó documentos de la casa, recogió y distribuyó correo"
UT55A,UT55A. Tiempo ordenar documentos casa - Lun a Vier - Horas
UT55B,UT55B. Tiempo ordenar documentos casa - Lun a Vier - Minutos
UT55C,UT55C. Tiempo ordenar documentos casa - Sab y Dom - Horas
UT55D,UT55D. Tiempo ordenar documentos casa - Sab y Dom - Minutos
UT56,"UT56. Organizó, supervisó y dirigió los quehaceres del hogar"
UT56A,UT56A. Tiempo en dirigir quehaceres hogar - Lun a Vier - Horas
UT56B,UT56B. Tiempo en dirigir quehaceres hogar - Lun a Vier - Minutos
UT56C,UT56C. Tiempo en dirigir quehaceres hogar - Sab y Dom - Horas
UT56D,UT56D. Tiempo en dirigir quehaceres hogar - Sab y Dom - Minutos
UT57,UT57. Se ocupó en llevar las cuentas de gastos e ingresos del hogar
UT57A,UT57A. Tiempo en llevar cuentas de gastos e ingresos hogar - Lun a Vier - Horas
UT57B,UT57B. Tiempo en llevar cuentas de gastos e ingresos hogar - Lun a Vier - Minutos
UT57C,UT57C. Tiempo en llevar cuentas de gastos e ingresos hogar - Sab y Dom - Horas
UT57D,UT57D. Tiempo en llevar cuentas de gastos e ingresos hogar - Sab y Dom - Minutos
UT58,UT58. Se encargó de vigilar la seguridad del hogar
UT58A,UT58A. Tiempo dedicado en seguridad del hogar - Lun a Vier - Horas
UT58B,UT58B. Tiempo dedicado en seguridad del hogar - Lun a Vier - Minutos
UT58C,UT58C. Tiempo dedicado en seguridad del hogar - Sab y Dom - Horas
UT58D,UT58D. Tiempo dedicado en seguridad del hogar - Sab y Dom - Minutos
UT59,UT59. Realizó actividades para mudarse de casa
UT59A,UT59A. Tiempo en mudarse de casa - Lun a Vier - Horas
UT59B,UT59B. Tiempo en mudarse de casa - Lun a Vier - Minutos
UT59C,UT59C. Tiempo en mudarse de casa - Sab y Dom - Horas
UT59D,UT59D. Tiempo en mudarse de casa - Sab y Dom - Minutos
UT60,UT60. Realizó actividades en reacomodar espacios de la vivienda
UT60A,UT60A. Tiempo en reacomodar espacios vivienda - Lun a Vier - Horas
UT60B,UT60B. Tiempo en reacomodar espacios vivienda - Lun a Vier - Minutos
UT60C,UT60C. Tiempo en reacomodar espacios vivienda - Sab y Dom - Horas
UT60D,UT60D. Tiempo en reacomodar espacios vivienda - Sab y Dom - Minutos
UT61,UT61. Le dió de comer a un niño(a) del hogar
UT61A,UT61A. Tiempo en dar de comer a niño(a) - Lun a Vier - Horas
UT61B,UT61B: Tiempo en dar de comer a niño(a) - Lun a Vier - Minutos
UT61C,UT61C. Tiempo en dar de comer a niño(a) - Sab y Dom - Horas
UT61D,UT61D. Tiempo en dar de comer a niño(a) - Sab y Dom - Minutos
UT62,UT62. Baño o vistió a un niño(a) del hogar
UT62A,UT62A. Tiempo en bañar o vestir a niño(a) - Lun a Vier - Horas
UT62B,UT62B. Tiempo en bañar o vestir a niño(a) - Lun a Vier - Minutos
UT62C,UT62C. Tiempo en bañar o vestir a niño(a) - Sab y Dom - Horas
UT62D,UT62D. Tiempo en bañar o vestir a niño(a) - Sab y Dom - Minutos
UT63,"UT63. Jugó, conversó o leyó cuentos a niño(a) del hogar"
UT63A,"UT63A. Tiempo que jugó, conversó con niño(a) - Lun a Vier - Horas"
UT63B,"UT63B. Tiempo que jugó, conversó con niño(a) - Lun a Vier - Minutos"
UT63C,"UT63C. Tiempo que jugó, conversó con niño(a) - Sab y Dom - Horas"
UT63D,"UT63D. Tiempo que jugó, conversó con niño(a) - Sab y Dom - Minutos"
UT64,UT64. Le practicó algún ejercicio especial o terapia a un niño(a) del hogar
UT64A,UT64A. Tiempo dedicado a terapia de niño(a) - Lun a Vier - Horas
UT64B,UT64B. Tiempo dedicado a terapia de niño(a) - Lun a Vier - Minutos
UT64C,UT64C. Tiempo dedicado a terapia de niño(a) - Sab y Dom - Horas
UT64D,UT64D. Tiempo dedicado a terapia de niño(a) - Sab y Dom - Minutos
UT65,UT65. Estuvo pendiente de un niño(a) del hogar mientras hacia otras cosas
UT65A,UT65A. Tiempo dedicado a niño(a) - Lun a Vier - Horas
UT65B,UT65B. Tiempo dedicado a niño(a) - Lun a Vier - Minutos
UT65C,UT65C. Tiempo dedicado a niño(a) - Sab y Dom - Horas
UT65D,UT65D. Tiempo dedicado a niño(a) - Sab y Dom - Minutos
UT66,"UT66. Asistió a reuniones, festivales u otras actividades del centro educativo de un miembro de hogar"
UT66A,UT66A. Tiempo dedicado a reuniones centro educativo - Lun a Vier - Horas
UT66B,UT66B. Tiempo dedicado a reuniones centro educativo - Lun a Vier - Minutos
UT66C,UT66C. Tiempo dedicado a reuniones centro educativo - Sab y Dom - Horas
UT66D,UT66D. Tiempo dedicado a reuniones centro educativo - Sab y Dom - Minutos
UT67,UT67. Estuvo pendiente de las tareas escolares de un niño o joven del hogar
UT67A,UT67A. Tiempo tareas escolares de niño o joven - Lun a Vier - Horas
UT67B,UT67B. Tiempo tareas escolares de niño o joven - Lun a Vier - Minutos
UT67C,UT67C. Tiempo tareas escolares de niño o joven - Sab y Dom - Horas
UT67D,UT67D. Tiempo tareas escolares de niño o joven - Sab y Dom - Minutos
UT68,"UT68. Llevó o recogió a un miembro de hogar de la guardería, escuela, colegio, universidad"
UT68A,UT68A. Tiempo llevar o recoger  de establ. educativo - Lun a Vier - Horas
UT68B,UT68B. Tiempo llevar o recoger de establ. educativo - Lun a Vier - Minutos
UT68C,UT68C. Tiempo llevar o recoger de establ. educativo - Sab y Dom - Horas
UT68D,UT68D. Tiempo llevar o recoger de establ. educativo - Sab y Dom - Minutos
UT69,UT69. Llevó o acompaño a miembro de hogar a recibir atención médica
UT69A,UT69A. Tiempo llevar o acompañar en atención médica - Lun a Vier - Horas
UT69B,UT69B. Tiempo llevar o acompañar en atención médica - Lun a Vier - Minutos
UT69C,UT69C. Tiempo llevar o acompañar en atención médica - Sab y Dom - Horas
UT69D,UT69D. Tiempo llevar o acompañar en atención médica - Sab y Dom - Minutos
UT70,UT70. Llevó o recogió del trabajo a algún miembro de hogar
UT70A,UT70A. Tiempo en llevar o recoger del trabajo - Lun a Vier - Horas
UT70B,UT70B. Tiempo en llevar o recoger del trabajo - Lun a Vier - Minutos
UT70C,UT70C. Tiempo en llevar o recoger del trabajo - Sab y Dom - Horas
UT70D,UT70D. Tiempo en llevar o recoger del trabajo - Sab y Dom - Minutos
UT71,UT71. Acompañó a algún miembro de hogar  a una clase especial o entrenamiento
UT71A,UT71A. Tiempo en acompañar a clase especial - Lun a Vier - Horas
UT71B,UT71B. Tiempo en acompañar a clase especial - Lun a Vier - Minutos
UT71C,UT71C. Tiempo en acompañar a clase especial - Sab y Dom - Horas
UT71D,UT71D. Tiempo en acompañar a clase especial - Sab y Dom - Minutos
UT72,UT72. Cuidó a algún miembro de hogar enfermo u hospitalizado
UT72A,UT72A. Tiempo cuidar a enfermo - Lun a Vier - Horas
UT72B,UT72B. Tiempo cuidar a enfermo - Lun a Vier - Minutos
UT72C,UT72C. Tiempo cuidar a enfermo - Sab y Dom - Horas
UT72D,UT72D. Tiempo cuidar a enfermo - Sab y Dom - Minutos
UT73,UT73. Llevó o acompañó a un miembro de hogar a la clínica u hospital
UT73A,UT73A. Tiempo en acompañar  a la clínica - Lun a Vier - Horas
UT73B,UT73B. Tiempo en acompañar a la clínica - Lun a Vier - Minutos
UT73C,UT73C. Tiempo en acompañar a la clínica - Sab y Dom - Horas
UT73D,UT73D. Tiempo en acompañar a la clínica - Sab y Dom - Minutos
UT74,"UT74. Llevó o acompañó a un miembro de hogar a ver parteras, terapistas o curanderos"
UT74A,UT74A. Tiempo en acompañar a ver curanderos - Lun a Vier - Horas
UT74B,UT74B. Tiempo en acompañar a ver curanderos - Lun a Vier - Minutos
UT74C,UT74C. Tiempo en acompañar a ver curanderos - Sab y Dom - Horas
UT74D,UT74D. Tiempo en acompañar a ver curanderos - Sab y Dom - Minutos
UT75,UT75. Preparó remedios caseros para curar a un miembro de hogar
UT75A,UT75A. Tiempo en preparar remedios caseros - Lun a Vier - Horas
UT75B,UT75B. Tiempo en preparar remedios caseros - Lun a Vier - Minutos
UT75C,UT75C. Tiempo en preparar remedios caseros - Sab y Dom - Horas
UT75D,UT75D. Tiempo en preparar remedios caseros - Sab y Dom - Minutos
UT76,UT76. Con qué frecuencia realiza dos o más actividades al mismo tiempo
UT77,"UT77. Efectuó o realizó reparaciones eléctricas, plomería, albañilería, etrc."
UT77A,UT77A. Tiempo en reparaciones vivienda  - Lun a Vier - Horas
UT77B,UT77B. Tiempo en reparaciones vivienda - Lun a Vier - Minutos
UT77C,UT77C. Tiempo en reparaciones vivienda - Sab y Dom - Horas
UT77D,UT77D. Tiempo en reparaciones vivienda - Sab y Dom - Minutos
UT78,"UT78. Supervisó reparaciones eléctricas, plomería, albañilería, etc."
UT78A,UT78A. Tiempo en supervisar reparaciones vivienda - Lun a Vier - Horas
UT78B,UT78B. Tiempo en supervisar reparaciones vivienda - Lun a Vier - Minutos
UT78C,UT78C. Tiempo en supervisar reparaciones vivienda - Sab y Dom - Horas
UT78D,UT78D. Tiempo en supervisar reparaciones vivienda - Sab y Dom - Minutos
UT79,"UT79. Llevó, arregló, reparó o ayudó a reparar auto, bicicleta, carreta, lancha, otros"
UT79A,"UT79A. Tiempo llevó, arregló, reparó medio transporte - Lun a Vier - Horas"
UT79B,"UT79B. Tiempo llevó, arregló, reparó medio transporte - Lun a Vier - Minutos"
UT79C,"UT79C. Tiempo llevó, arregló, reparó medio transporte - Sab y Dom - Horas"
UT79D,"UT79D. Tiempo llevó, arregló, reparó medio transporte - Sab y Dom - Minutos"
UT80,"UT80. Llevó, arregló, reparó o ayudó a reparar electrodomésticos"
UT80A,"UT80A. Tiempo llevó, arregló, reparó electrodoméstico - Lun a Vier - Horas"
UT80B,"UT80B. Tiempo llevó, arregló, reparó electrodoméstico - Lun a Vier - Minutos"
UT80C,"UT80C. Tiempo llevó, arregló, reparó electrodoméstico - Sab y Dom - Horas"
UT80D,"UT80D. Tiempo llevó, arregló, reparó electrodoméstico - Sab y Dom - Minutos"
UT81,UT81. Hizo o ayudó hacer muebles o utensillos para el hogar
UT81A,"UT81A. Tiempo en ayudar o hacer muebles, utensillos - Lun a Vier - Horas"
UT81B,"UT81B. Tiempo en ayudar o hacer muebles, utensillos - Lun a Vier - Minutos"
UT81C,"UT81C. Tiempo en ayudar o hacer muebles, utensillos - Sab y Dom - Horas"
UT81D,"UT81D. Tiempo en ayudar o hacer muebles, utensillos - Sab y Dom - Minutos"
UT82,UT82. Cuidó o crió animales de corral o domésticos
UT82A,UT82A. Tiempo en cuidar animales domésticos - Lun a Vier - Horas
UT82B,UT82B. Tiempo en cuidar animales domésticos - Lun a Vier - Minutos
UT82C,UT82C. Tiempo en cuidar animales domésticos - Sab y Dom - Horas
UT82D,UT82D. Tiempo en cuidar animales domésticos - Sab y Dom - Minutos
UT83,"UT83. Realizó actividades como ordeñar, recoger huevos, trasquilar ovejas"
UT83A,"UT83A. Tiempo en actividades de ordeño, trasquilar ovejas,.. - Lun a Vier - Horas"
UT83B,"UT83B. Tiempo en actividades de ordeño, trasquilar ovejas,.. - Lun a Vier - Minutos"
UT83C,"UT83C. Tiempo en actividades de ordeño, trasquilar ovejas,.. - Sab y Dom - Horas"
UT83D,"UT83D. Tiempo en actividades de ordeño, trasquilar ovejas,.. - Sab y Dom - Minutos"
UT84,UT84. Recolectó agua para el terreno
UT84A,UT84A. Tiempo en recolectar agua para terreno - Lun a Vier - Horas
UT84B,UT84B. Tiempo en recolectar agua para terreno - Lun a Vier - Minutos
UT84C,UT84C. Tiempo en recolectar agua para terreno - Sab y Dom - Horas
UT84D,UT84D. Tiempo en recolectar agua para terreno - Sab y Dom - Minutos
UT85,UT85. Recolectó agua para los animales domésticos
UT85A,UT85A. Tiempo recolectar agua para animales - Lun a Vier - Horas
UT85B,UT85B. Tiempo recolectar agua para animales - Lun a Vier - Minutos
UT85C,UT85C. Tiempo recolectar agua para animales - Sab y Dom - Horas
UT85D,UT85D. Tiempo recolectar agua para animales - Sab y Dom - Minutos
UT86,"UT86. Recogió leña, hongos o yerbas"
UT86A,"UT86A. Tiempo en recoger leña, hongos o yerbas - Lun a Vier - Horas"
UT86B,"UT86B. Tiempo en recoger leña, hongos o yerbas - Lun a Vier - Minutos"
UT86C,"UT86C. Tiempo en recoger leña, hongos o yerbas - Sab y Dom - Horas"
UT86D,"UT86D. Tiempo en recoger leña, hongos o yerbas - Sab y Dom - Minutos"
UT87,UT87. Recogió flores
UT87A,UT87A. Tiempo en recoger flores - Lun a Vier - Horas
UT87B,UT87B. Tiempo en recoger flores - Lun a Vier - Minutos
UT87C,UT87C. Tiempo en recoger flores - Sab y Dom - Horas
UT87D,UT87D. Tiempo en recoger flores - Sab y Dom - Minutos
UT88,UT88. Recogió frutas
UT88A,UT88A. Tiempo en recoger frutas - Lun a Vier - Horas
UT88B,UT88B. Tiempo en recoger frutas - Lun a Vier - Minutos
UT88C,UT88C. Tiempo en recoger frutas - Sab y Dom - Horas
UT88D,UT88D. Tiempo en recoger frutas - Sab y Dom - Minutos
UT89,UT89. Dedicó tiempo a la pesca o caza
UT89A,UT89A. Tiempo dedicado a la pesca o caza - Lun a Vier - Horas
UT89B,UT89B. Tiempo dedicado a la pesca o caza - Lun a Vier - Minutos
UT89C,UT89C. Tiempo dedicado a la pesca o caza - Sab y Dom - Horas
UT89D,UT89D. Tiempo dedicado a la pesca o caza - Sab y Dom - Minutos
UT90,"UT90. Hizo alguna actividad en el huerto, parcela o terreno (sembrar, cosechar, otros)"
UT90A,UT90A. Tiempo en actividades huerto - Lun a Vier - Horas
UT90B,UT90B. Tiempo en actividades huerto - Lun a Vier - Minutos
UT90C,UT90C. Tiempo en actividades huerto - Sab y Dom - Horas
UT90D,UT90D. Tiempo en actividades huerto - Sab y Dom - Minutos
UT91,UT91. En la semana pasada realizó alguna artesanía para el hogar
UT92,UT92. Elaboró algún artículo de masapan
UT92A,UT92A. Tiempo en elaborar artículo masapan - Lun a Vier - Horas
UT92B,UT92B. Tiempo en elaborar artículo masapan - Lun a Vier - Minutos
UT92C,UT92C. Tiempo en elaborar artículo masapan - Sab y Dom - Horas
UT92D,UT92D. Tiempo en elaborar artículo masapan - Sab y Dom - Minutos
UT93,UT93. Elaboró algún adorno de concha o coco
UT93A,UT93A. Tiempo en elaborar adorno de concha o coco - Lun a Vier - Horas
UT93B,UT93B. Tiempo en elaborar adorno de concha o coco - Lun a Vier - Minutos
UT93C,UT93C. Tiempo en elaborar adorno de concha o coco - Sab y Dom - Horas
UT93D,UT93D. Tiempo en elaborar adorno de concha o coco - Sab y Dom - Minutos
UT94,UT94. Elaboró algún artículo de cerámica o barro
UT94A,UT94A. Tiempo elaborar artículo de cerámica o barro - Lun a Vier - Horas
UT94B,UT94B. Tiempo elaborar artículo de cerámica o barro - Lun a Vier - Minutos
UT94C,UT94C. Tiempo elaborar artículo de cerámica o barro - Sab y Dom - Horas
UT94D,UT94D. Tiempo elaborar artículo de cerámica o barro - Sab y Dom - Minutos
UT95,"UT95. Elaboró artículo textil (tapetes, cortinas, sábanas, otros)"
UT95A,UT95A. Tiempo en elaborar artículo textil - Lun a Vier - Horas
UT95B,UT95B. Tiempo en elaborar artículo textil - Lun a Vier - Minutos
UT95C,UT95C. Tiempo en elaborar artículo textil - Sab y Dom - Horas
UT95D,UT95D. Tiempo en elaborar artículo textil - Sab y Dom - Minutos
UT96,UT96. Elaboró adornos de tagua o madera
UT96A,UT96A. Tiempo en elaborar adornos tagua o madera - Lun a Vier - Horas
UT96B,UT96B. Tiempo en elaborar adornos tagua o madera - Lun a Vier - Minutos
UT96C,UT96C. Tiempo en elaborar adornos tagua o madera - Sab y Dom - Horas
UT96D,UT96D. Tiempo en elaborar adornos tagua o madera - Sab y Dom - Minutos
UT97,UT97. Elaboró algún otro artículo o adorno
UT97A,UT97A. Tiempo en elaborar otro artículo o adorno - Lun a Vier - Horas
UT97B,UT97B. Tiempo en elaborar otro artículo o adorno - Lun a Vier - Minutos
UT97C,UT97C. Tiempo en elaborar otro artículo o adorno - Sab y Dom - Horas
UT97D,UT97D. Tiempo en elaborar otro artículo o adorno - Sab y Dom - Minutos
UT97E,UT97E. Especificación del otro artículo o adorno
UT98,UT98. Ayudó a otro hogar en quehaceres domésticos en forma gratuita
UT98A,UT98A. Tiempo en ayudar a otro hogar en QQDD - Lun a Vier - Horas
UT98B,UT98B. Tiempo en ayudar a otro hogar en QQDD - Lun a Vier - Minutos
UT98C,UT98C. Tiempo en ayudar a otro hogar en QQDD - Sab y Dom - Horas
UT98D,UT98D. Tiempo en ayudar a otro hogar en QQDD - Sab y Dom - Minutos
UT99,UT99. Ayudó al cuidado de personas de otro hogar en forma gratuita
UT99A,UT99A. Tiempo en cuidado de personas otro hogar - Lun a Vier - Horas
UT99B,UT99B. Tiempo en cuidado de personas otro hogar - Lun a Vier - Minutos
UT99C,UT99C. Tiempo en cuidado de personas otro hogar - Sab y Dom - Horas
UT99D,UT99D. Tiempo en cuidado de personas otro hogar - Sab y Dom - Minutos
UT100,UT100. Realizó algún servicio gratuito para su comunidad
UT100A,UT100A. Tiempo dedicado al servicio - Lun a Vier - Horas
UT100B,UT100B. Tiempo dedicado al servicio - Lun a Vier - Minutos
UT100C,UT100C. Tiempo dedicado al servicio - Sab y Dom - Horas
UT100D,UT100D. Tiempo dedicado al servicio - Sab y Dom - Minutos
UT101,"UT101. Ayudó en labores domésticas en algún asilo, orfanato u hospital gratuitamente"
UT101A,"UT101A. Tiempo en ayuda a orfanato, asilo - Lun a Vier - Horas"
UT101B,"UT101B. Tiempo en ayuda a orfanato, asilo - Lun a Vier - Minutos"
UT101C,"UT101C. Tiempo en ayuda a orfanato, asilo - Sab y Dom - Horas"
UT101D,"UT101D. Tiempo en ayuda a orfanato, asilo - Sab y Dom - Minutos"
UT102,"UT102. Participó en el trámite para obtener algún servicio (luz, agua, alcantarillado, ...)"
UT102A,UT102A. Tiempo dedicado al trámite - Lun a Vier - Horas
UT102B,UT102B. Tiempo dedicado al trámite - Lun a Vier - Minutos
UT102C,UT102C. Tiempo dedicado al trámite - Sab y Dom - Horas
UT102D,UT102D. Tiempo dedicado al trámite - Sab y Dom - Minutos
UT103,"UT103. Participó en alguna organizacion gremial, política o religiosa gratuitamente"
UT103A,"UT103A. Tiempo dedicado a actividades gremiales, .. - Lun a Vier - Horas"
UT103B,"UT103B. Tiempo dedicado a actividades gremiales, .. - Lun a Vier - Minutos"
UT103C,"UT103C. Tiempo dedicado a actividades gremiales, .. - Sab y Dom - Horas"
UT103D,"UT103D. Tiempo dedicado a actividades gremiales, .. - Sab y Dom - Minutos"
UT104,UT104. Dedicó tiempo en dictar clases de nivelación y refuerzo educativos gratuitamente
UT104A,UT104A. Tiempo dedicado a dictar clases de refuerzo educativo - Lun a Vier - Horas
UT104B,UT104B. Tiempo dedicado a dictar clases de refuerzo educativo - Lun a Vier - Minutos
UT104C,UT104C. Tiempo dedicado a dictar clases de refuerzo educativo - Sab y Dom - Horas
UT104D,UT104D. Tiempo dedicado a dictar clases de refuerzo educativo - Sab y Dom - Minutos
UT105,UT105. Tomó algún curso o taller por esparcimiento o superación personal
UT105A,UT105A. Tiempo dedicado al curso - Lun a Vier - Horas
UT105B,UT105B. Tiempo dedicado al curso - Lun a Vier - Minutos
UT105C,UT105C. Tiempo dedicado al curso - Sab y Dom - Horas
UT105D,UT105D. Tiempo dedicado al curso - Sab y Dom - Minutos
UT106,UT106. Le dedicó tiempo exclusivamente para ver televisión
UT106A,UT106A. Tiempo dedicado a ver televisión - Lun a Vier - Horas
UT106B,UT106B. Tiempo dedicado a ver televisión - Lun a Vier - Minutos
UT106C,UT106C. Tiempo dedicado a ver televisión - Sab y Dom - Horas
UT106D,UT106D. Tiempo dedicado a ver televisión - Sab y Dom - Minutos
UT107,UT107. Dedicó tiempo exclusivo a la lectura
UT107A,UT107A. Tiempo dedicado a la lectura - Lun a Vier - Horas
UT107B,UT107B. Tiempo dedicado a la lectura - Lun a Vier - Minutos
UT107C,UT107C. Tiempo dedicado a la lectura - Sab y Dom - Horas
UT107D,UT107D. Tiempo dedicado a la lectura - Sab y Dom - Minutos
UT108,"UT108. Practicó algún instrumento musical o realizó alguna actividad artística, cultural"
UT108A,UT108A. Tiempo en actividad artística - Lun a Vier - Horas
UT108B,UT108B. Tiempo en actividad artística - Lun a Vier - Minutos
UT108C,UT108C. Tiempo en actividad artística - Sab y Dom - Horas
UT108D,UT108D. Tiempo en actividad artística - Sab y Dom - Minutos
UT109,UT109. Dedicó tiempo sólo a descansar sin hacer nada o solo escuchar radio
UT109A,UT109A. Tiempo dedidado a sólo descansar - Lun a Vier - Horas
UT109B,UT109B. Tiempo dedicado a sólo descansar - Lun a Vier - Minutos
UT109C,UT109C. Tiempo dedicado a sólo descansar - Sab y Dom - Horas
UT109D,UT109D. Tiempo dedicado a sólo descansar - Sab y Dom - Minutos
UT110,"UT110. Dedicó tiempo a navegar o chatear en el Internet, celular o jugar en play station, etc"
UT110A,"UT110A. Tiempo en navegar, chatear o jugar play station - Lun a Vier - Horas"
UT110B,"UT110B. Tiempo en navegar, chatear o jugar play station - Lun a Vier - Minutos"
UT110C,"UT110C. Tiempo en navegar, chatear o jugar play station - Sab y Dom - Horas"
UT110D,"UT110D. Tiempo en navegar, chatear o jugar play station - Sab y Dom - Minutos"
UT111,UT111. Hizo ejercicios o practicó algún deporte
UT111A,UT111A. Tiempo ejercicios o práctica de deporte - Lun a Vier - Horas
UT111B,UT111B. Tiempo ejercicios o práctica de deporte - Lun a Vier - Minutos
UT111C,UT111C. Tiempo ejercicios o práctica de deporte - Sab y Dom - Horas
UT111D,UT111D. Tiempo ejercicios o práctica de deporte - Sab y Dom - Minutos
UT112,"UT112. Realizó actividades recreativas (bailar, karaoke, cine, teatro, etc)"
UT112A,UT112A. Tiempo en actividades recreativas - Lun a Vier - horas
UT112B,UT112B. Tiempo en actividades recreativas - Lun a Vier - Minutos
UT112C,UT112C. Tiempo en actividades recreativas - Sab y Dom - Horas
UT112D,UT112D. Tiempo en actividades recreativas - Sab y Dom - Minutos
UT113,"UT113. Realizó actividades recreativas (ir al parque, ir a la montaña, ir a ríos, ir a playas, etc)"
UT113A,"UT113A. Tiempo en ir al parque, montaña, rios, playas,.. - Lun a Vier - Horas"
UT113B,"UT113B. Tiempo en ir al parque, montaña, rios, playas,.. - Lun a Vier - Minutos"
UT113C,"UT113C. Tiempo en ir al parque, montaña, rios, playas,.. - Sab y Dom - Horas"
UT113D,"UT113D. Tiempo en ir al parque, montaña, rios, playas,.. - Sab y Dom - Minutos"
UT114,UT114. Realizó alguna práctica religiosa
UT114A,UT114A. Tiempo en práctica religiosa - Lun a Vier - Horas
UT114B,UT114B. Tiempo en práctica religiosa - Lun a Vier - Minutos
UT114C,UT114C. Tiempo en práctica religiosa - Sab y Dom - Horas
UT114D,UT114D. Tiempo en práctica religiosa - Sab y Dom - Minutos
UT115,"UT115. Según el tiempo libre que dispone, le gustaría tener:"
UT116,UT116. Compartió tiempo con la familia o pareja con la que vive
UT116A,UT116A. Tiempo dedicado a compartir con familia - Lun a Vier - Horas
UT116B,UT116B. Tiempo dedicado a compartir con familia - Lun a Vier - Minutos
UT116C,UT116C. Tiempo dedicado a compartir con familia - Sab y Dom - Horas
UT116D,UT116D. Tiempo dedicado a compartir con familia - Sab y Dom - Minutos
UT117,UT117. Dedicó tiempo a recibir visitas o a visitar otras familias
UT117A,UT117A. Tiempo dedicado a las visitas - Lun a Vier - Horas
UT117B,UT117B. Tiempo dedicado a las visitas - Lun a Vier - Minutos
UT117C,UT117C. Tiempo dedicado a las visitas - Sab y Dom - Horas
UT117D,UT117D. Tiempo dedicado a las visitas - Sab y Dom - Minutos
UT118,UT118. Se hospedó en alguna otra vivienda por más de un día
UT118A,UT118A. Tiempo de hospedaje en otra vivienda - Lun a Vier - Horas
UT118B,UT118B. Tiempo de hospedaje en otra vivienda - Lun a Vier - Minutos
UT118C,UT118C. Tiempo de hospedaje en otra vivienda - Sab y Dom - Horas
UT118D,UT118D. Tiempo de hospedaje en otra vivienda - Sab y Dom - Minutos
UT119,"UT119. Salió a la calle para estar con amigos, novio o novia"
UT119A,UT119A. Tiempo con amigos novio(a) - Lun a Vier - Horas
UT119B,UT119B. Tiempo con amigos novio(a) - Lun a Vier - Minutos
UT119C,UT119C. Tiempo con amigos novio(a) - Sab y Dom - Horas
UT119D,UT119D. Tiempo con amigos novio(a) - Sab y Dom - Minutos
UT120,UT120. Dedicó tiempo a jugar en la casa
UT120A,UT120A. Tiempo dedicado a jugar en la casa - Lun a Vier - Horas
UT120B,UT120B. Tiempo dedicado a jugar en la casa - Lun a Vier - Minutos
UT120C,UT120C. Tiempo dedicado a jugar en la casa - Sab y Dom - Horas
UT120D,UT120D. Tiempo dedicado a jugar en la casa - Sab y Dom - Minutos
UT121,UT121. Conversó por teléfono
UT121A,UT121A. Tiempo dedicado a conversar por teléfono - Lun a Vier - Horas
UT121B,UT121B. Tiempo dedicado a conversar por teléfono - Lun a Vier - Minutos
UT121C,UT121C. Tiempo dedicado a conversar por teléfono - Sab y Dom - Horas
UT121D,UT121D. Tiempo dedicado a conversar por teléfono - Sab y Dom - Minutos
UT122,"UT122. Asistió a algún bautizo, matrimonio, funeral"
UT122A,"UT122A. Tiempo en bautizo, matrimonio, funeral - Lun a Vier - Horas"
UT122B,"UT122B. Tiempo en bautizo, matrimonio, funeral - Lun a Vier - Minutos"
UT122C,"UT122C. Tiempo en bautizo, matrimonio, funeral - Sab y Dom - Horas"
UT122D,"UT122D. Tiempo en bautizo, matrimonio, funeral - Sab y Dom - Minutos"
UT123,UT123. Dedicó tiempo al cuidado de algún miembro con discapacidad
UT123A,UT123A. Tiempo cuidando a discapacitado - Lun a Vier - Horas
UT123B,UT123B. Tiempo cuidando a discapacitado - Lun a Vier - Minutos
UT123C,UT123C. Tiempo cuidando a discapacitado - Sab y Dom - Horas
UT123D,UT123D. Tiempo cuidando a discapacitado - Sab y Dom - Minutos
UT124,UT124. Le dió o ayudó a comer a persona discapacitada miembro de hogar
UT124A,UT124A. Tiempo en dar de comer a discapacitado - Lun a Vier - Horas
UT124B,UT124B. Tiempo en dar de comer a discapacitado - Lun a Vier - Minutos
UT124C,UT124C. Tiempo en dar de comer a discapacitado - Sab y Dom - Horas
UT124D,UT124D. Tiempo en dar de comer a discapacitado - Sab y Dom - Minutos
UT125,"UT125. Baño, aseó, vistió, ayudó a ir al baño a persona discapacitada"
UT125A,UT125A. Tiempo en asear y vestir a persona discapacitada - Lun a Vier - Horas
UT125B,UT125B. Tiempo en asear y vestir a persona discapacitada - Lun a Vier - Minutos
UT125C,UT125C. Tiempo en asear y vestir a persona discapacitada - Sab y Dom - Horas
UT125D,UT125D. Tiempo en asear y vestir a persona discapacitada - Sab y Dom - Minutos
UT126,UT126. Practicó alguna terapia o curó a persona discapacitada del hogar
UT126A,UT126A. Tiempo en terapia o curación persona discapacitada - Lun a Vier - Horas
UT126B,UT126B. Tiempo en terapia o curación persona discapacitada - Lun a Vier - Minutos
UT126C,UT126C. Tiempo en terapia o curación persona discapacitada - Sab y Dom - Horas
UT126D,UT126D. Tiempo en terapia o curación persona discapacitada - Sab y Dom - Minutos
UT127,UT127. Durante la noche estuvo en vela cuidando a persona discapacitada del hogar
UT127A,UT127A. Tiempo en vela cuidando pers. discapacitada - Lun a Vier - Horas
UT127B,UT127B. Tiempo en vela cuidando pers. discapacitada - Lun a Vier - Minutos
UT127C,UT127C. Tiempo en vela cuidando pers. discapacitada - Sab y Dom - Horas
UT127D,UT127D. Tiempo en vela cuidando pers. discapacitada - Sab y Dom - Minutos
UT128,UT128. Estuvo pendiente de persona discapacitada mientras hacia otras cosas
UT128A,UT128A. Tiempo en estar pendiente de pers. discapacitada - Lun a Vier - Horas
UT128B,UT128B. Tiempo en estar pendiente de pers. discapacitada - Lun a Vier - Minutos
UT128C,UT128C. Tiempo en estar pendiente de pers. discapacitada - Sab y Dom - Horas
UT128D,UT128D. Tiempo en estar pendiente de pers. discapacitada - Sab y Dom - Minutos
UT129,UT129. Preparó alguna comida especial a persona discapacitada del hogar
UT129A,UT129A. Tiempo en preparar comida especial - Lun a Vier - Horas
UT129B,UT129B. Tiempo en preparar comida especial - Lun a Vier - Minutos
UT129C,UT129C. Tiempo en preparar comida especial - Sab y Dom - Horas
UT129D,UT129D. Tiempo en preparar comida especial - Sab y Dom - Minutos
UT130,UT130. Le llevó o acompañó al serv. médico o algún trámite a persona discapacitada
UT130A,UT130A. Tiempo en acompañar a pers. discapacitada - Lun a Vier - Horas
UT130B,UT130B. Tiempo en acompañar a pers. discapacitada - Lun a Vier - Minutos
UT130C,UT130C. Tiempo en acompañar a pers. discapacitada - Sab y Dom - Horas
UT130D,UT130D. Tiempo en acompañar a pers. discapacitada - Sab y Dom - Minutos
UT131,UT131. Se encargó de la limpieza de la habitación de la persona discapacitada del hogar
UT131A,UT131A. Tiempo en limpieza habitación pers. discapacitada - Lun a Vier - Horas
UT131B,UT131B. Tiempo en limpieza habitación pers. discapacitada - Lun a Vier - Minutos
UT131C,UT131C. Tiempo en limpieza habitación pers. discapacitada - Sab y Dom - Horas
UT131D,UT131D. Tiempo en limpieza habitación pers. discapacitada - Sab y Dom - Minutos
UT132,UT132. Lavó y planchó por separado la ropa de persona discapacitada del hogar
UT132A,UT132A. Tiempo lavar y planchar ropa pers. discapacitada - Lun a Vier - Horas
UT132B,UT132B. Tiempo lavar y planchar ropa pers. discapacitada - Lun a Vier - Minutos
UT132C,UT132C. Tiempo lavar y planchar ropa pers. discapacitada - Sab y Dom - Horas
UT132D,UT132D. Tiempo lavar y planchar ropa pers. discapacitada - Sab y Dom - Minutos
ttrabalab,P19-trabajar la semana pasada o la última semana que trabajó
ttratrab,"P20-Tiempo en trasladarse al trabajo, ida y vuelta"
tbustra,P22-Tiempo en buscar trabajo
tbodesa,P46-Tiempo en cobrar bono de desarrollo humano
tbodiseve,"P49-Tiempo en cobrar el bono por discapacidad severa, Joaquín Gallegos Lara"
tbdiscapa,PPS8-Tiempo en realizar el cobro del bono por discapacidad
tbojubila,PPS15-Tiempo en realizar el cobro del bono jubilar
tdurmio,UT02 - Tiempo semanal en dormir
tcomer,UT03 Tiempo Semana Integral en Comer
thigiene,UT04 - Tiempo semanal en cuidado e higiene personal
tenferm@,UT05 - Tiempo semanal en estar enfermo/a
ttraslenf,UT09 - Tiempo de traslado en caso de enfermedad
tconsult,UT10 - Tiempo en consultas para cuidado de salud
tclasess,UT11-Tiempo asistencia a clases
ttrasclases,UT12-Tiempo traslado a clases
tdeberes,UT13-Tiempo de hacer deberes
trefuerzo,UT14-Tiempo asistencia a nivelación o refuerzo pedagógico
tcocinar,UT15-Tiempo de cocinar o preparar alimentos para el hogar
tservirmesa,"UT16-Tiempo de servir comida, poner mesa en hogar"
tlavajilla,"UT17-Tiempo de lavar, secar, vajilla hogar"
tlimcoci,UT18-Tiempo de limpieza de cocina o lugar de cocina en hogar
tdesgrana,"UT19-Tiempo desgranar, tostar, moler para consumo del hogar"
tbebidas,UT20-Tiempo de preparar bebidas
tfaenam,UT21-Tiempo de faenamiento animales para hogar
tllevarcom,"UT22-Tiempo llevar comida a miembros hogar trabajo, escuela, hopital"
tfogon,UT23-Tiempo de encender fogón de leña o carbón
tdulces,UT24-Tiempo de preparar dulces y conservas para hogar
tpanemp,"UT25-Tiempo de preparar pan, empanadas harina de trigo para hogar"
totrosprod,"UT26-Tiempo de preparar otros productos: leche soya, empanadas, bolones verde para hogar"
tprodlact,UT27-Tiempo de preparar productos lácteos para hogar
tsecagran,UT28-Tiempo de poner a secar granos para hogar
tsecarne,UT29-Tiempo de poner a secar carnes para hogar
tsecmar,UT30-Tiempo de poner a secar productos del mar para hogar
tcama,UT31-Tiempo de tender cama o recoger lugar donde duerme en hogar
tlimbaño,UT32-Tiempo de limpiar el baño/os del hogar
tlimpcasa,UT33-Tiempo de limpieza general de casa
tacagua,UT34-Tiempo de acarreo de agua para uso del hogar
tcalenagua,UT35-Tiempo de poner a calentar agua para bañarse
tlavavehic,UT36-Tiempo de lavar vehículo o animal de transporte del hogar
tcuimasc,UT37-Tiempo de cuidado de mascotas del hogar
tjardine,UT38-Tiempo en actividades de jardinería del hogar
tbotabasu,UT39-Tiempo en botar la basura del hogar
tlavcalza,UT40-Tiempo en lavar o limpiar calzado de miembros del hogar
tlavropa,UT41-Tiempo en lavar ropa de miembros del hogar
tplanrop,UT42-Tiempo en planchar ropa de miembros del hogar
tserlava,UT43-Tiempo en llevar o retirar ropa de servicio de lavado
tguarop,"UT44-Tiempo en doblar, guardar ropa miembros del hogar"
tconfec,UT45-Tiempo en confeccionar prendas a miembros del hogar
tcomperio,UT46-Tiempo en realizar compras periódicas para el hogar
tcomdiari,UT47-Tiempo en realizar compras diarias para el hogar
tcomedici,UT48-Tiempo en realizar compras de medicamentos para miembros del hogar
tcomutile,"UT49-Tiempo en comprar útiles escolares, ropa o zapatos para miembros del hogar"
tcomutens,UT50-Tiempo en comprar utensillos para el hogar
tcomortop,UT51-Tiempo en comprar aparatos ortopédicos para miembros del hogar
tcomvivie,"UT52-Tiempo en comprar o realizar trámites para adquirir vivienda, terreno o vehículo"
tpagser,UT53-Tiempo en realizar pagos de servicios básicos del hogar
tpagos,UT54-Tiempo en realizar pagos necesarios del hogar o de sus miembros
tordena,UT55-Tiempo en ordenar papeles importantes de miembros del hogar
tsupeqd,"UT56-Tiempo en organizar, supervisar quehaceres del hogar"
tpresuhog,UT57-Tiempo en llevar y decidir sobre las cuentas de ingresos y gastos del hogar
tseguhog,UT58-Tiempo en asegurar vivienda y vehículo del hogar
tmudanz,UT59-Tiempo en actividades de mudanza del hogar
tacomod,UT60-Tiempo en acomodar espacios en vivienda del hogar
tcomenen,UT61-Tiempo en dar de comer a niñ@ menor de 12 años del hogar
tbañanen,UT62-Tiempo en bañar y/o vestir a niñ@ menor de 12 años del hogar
tjuganen,"UT63-Tiempo en jugar, conversar con niñ@ menor de 12 años del hogar"
tejernen,UT64-Tiempo de realizar o practicar ejercicios a niñ@ menor de 12 años del hogar
tpendniñ@,UT65-Tiempo de estar  pendiente de algún niño o niña del hogar mientras hacía otras cosas
treunio,UT66-Tiempo de asistir a reuniones escolares de miembros del hogar
tayudajov,UT67-Tiempo de ayudar o estar pendiente de las tareas escolares de algún niño o niña o joven del hogar
tacomcla,UT68-Tiempo en llevar o acompañar a miembro a algún centro educativo
tacomatem,"UT69-Tiempo en acompañar, llevar o recoger a enferm@s del hogar a recibir atención médica"
ttrastrab,UT70-Tiempo en llevar o recoger a algún miembro del hogar del trabajo
tacomespe,UT71-Tiempo en acompañar a algún miembro del hogar a una clase especial
tcuienf,UT72-Tiempo en cuidar a enferm@s miembros del hogar
tacomhosp,"UT73-Tiempo en acompañar a enferm@s a hospital, centros de salud"
tacomcura,"UT74-Tiempo en acompañar enferm@s a visitar parteras, terapistas"
tpreprem,UT75-Tiempo en preparar remedios caseros para miembros del hogar
trepara,UT77-Tiempo en efectuar reparaciones en la vivienda del hogar
tsuperv,UT78-Tiempo en supervisar una reparación de vivienda del hogar
tarrevehi,"UT79-Tiempo en llevar, arreglar o ayudar a reparar vehículo del hogar"
trepaelec,"UT80-Tiempo en llevar, ayudar a reparar electrodomésticos del hogar"
tmueble,UT81-Tiempo en hacer o ayudar a hacer muebles para el hogar
tcuidanim,"UT82-Tiempo en cuidar animales como gallinas, puercos, conejos del hogar"
tordeña,"UT83-Tiempo dedicado a ordeñar, recoger huevos, trasquilas ovejas, entre otros"
trecolagu,UT84-Tiempo dedicado a recolectar agua para el terreno
trecaguan,UT85-Tiempo dedicado a recolectar agua para animales domésticos del hogar
trecoleña,"UT86-Tiempo dedicado a recoger leña, hongos o  yerbas"
trecoflor,UT87-Tiempo dedicado a recoger  flores
trecofrut,UT88-Tiempo dedicado a recoger frutos
tpescaza,UT89-Tiempo dedicado a la pesca o caza
tsemcos,"UT90 - Tiempo semanal en sembrar, cosechar, desyerbar, preparar terreno, entre otros"
tadomas,UT92 - Tiempo semanal de elaborar un adorno de masapan
tadococ,UT93 - Tiempo semanal de elaborar un adorno de concha o coco
tadocer,UT94 - Tiempo semanal de elaborar un adorno de cerámica o barro
tadotex,"UT95 - Tiempo semanal de elaborar un adorno textil como tapetes, cortinas"
tadomad,UT96 - Tiempo semanal de elaborar un adorno de tagua o madera
tadorno,UT97 - Tiempo semanal de elaborar algún otro adorno
tqgratis,UT98 - Tiempo semanal en quehaceres domésticos gratuitos en otros hogares
tcpgrat,UT99 - Tiempo semanal en cuidado gratuito de personas en otros hogares
tscomun,UT100 - Tiempo semanal en servicio a la comunidad
tldasil,"UT101 - Tiempo semanal en labores domésticas en asilos, orfanatos, entre otros"
ttservb,UT102 - Tiempo semanal trámites para algún servicio para la comunidad
tporgan,UT103 - Tiempo semanal en participación en organizaciones
tdimpcl,UT104 - Tiempo semanal dedicado a impartir clases de forma gratuita
tcursup,UT105 - Tiempo semanal en tomar curso por esparcimiento o superación
tvertv,UT106 - Tiempo semanal en ver televisión
texclec,UT107 - Tiempo semanal exclusivo a la lectura
tpramus,UT108 - Tiempo semanal práctica instrumento musical o actividades culturales
tdescan,UT109 - Tiempo semanal sólo en descansar
tnavint,UT110 - Tiempo semanal en navegar o chatear por internet
tejedep,UT111 - Tiempo semanal en hacer ejercicios o practicar algún deporte
trecrea,"UT112 - Tiempo semanal en realizar actividades recreativas y/o esparcimiento, bailar, bar, karaoke"
trecpar,UT113 - Tiempo semanal en realizar actividades recreativas y/o esparcimiento en parque público
tprarel,UT114 - Tiempo semanal en prácticas religiosas
tcofami,UT116 - Tiempo semanal en compartir con la familia o pareja con la que vive
trevisi,UT117 - Tiempo semanal en recibir visitas o visitar otras familias
thosped,UT118 - Tiempo semanal de hospedaje en otra vivienda por más de un día
tsalcal,"UT119 - Tiempo semanal de salir a la calle para estar con amistades, novi@s, entre otros"
tjugcas,UT120 - Tiempo semanal de jugar en casa
tconvte,UT121 - Tiempo semanal de conversar por teléfono
tasisma,"UT122 - Tiempo semanal de asistir a bautizos, matrimonios, etc"
tcuidisca,UT123-Tiempo semanal en cuidar algún miembro con discapacidad del hogar
tdacodisc,UT124-Tiempo semanal en dar de comer a algún miembro con discapacidad del hogar
tbañodisc,"UT125-Tiempo semanal en bañar, asear, vestir a algún miembro con discapacidad del hogar"
tterapdis,UT126-Tiempo semanal en practicar terapias especiales a algún miembro con discapacidad del hogar
tveladisc,UT127-Tiempo semanal de cuidar en la noche a algún miembro con discapacidad del hogar
tpendisca,"UT128-Tiempo semanal en estar pendiente de algún miembro con discapacidad del hogar, mientras hacía otras cosas durante el día y la noche"
tcomdis,UT129-Tiempo semanal en preparar alguna comida especial para algún miembro con discapacidad del hogar
tservimed,UT130-Tiempo semanal en llevar o acompañar al servicio médico a algún miembro con discapacidad del hogar
tlimhabdi,UT131-Tiempo semanal en limpiar habitación miembro con discapacidad del hogar
tlavropdi,UT132-Tiempo semanal en lavar y/o planchar la ropa de algún miembro con discapacidad del hogar
Tiempro,Agregado tiempo semanal propio (descanso y meditación)
Necepers,Agregado tiempo semanal en necesidades personales
Neycuper,Agregado tiempo semanal en necesidades y cuidados personales
Educati,Agregado tiempo semanal en aprendizaje y educación
Apoyocul,Agregado tiempo semanal de apoyo culinario
Cocinar,Agregado tiempo semanal en cocinar
Arrecasa,Agregado tiempo semanal en arreglar la casa de los miembros del hogar
Arreropa,Agregado tiempo semanal en arreglar ropa de miembros del hogar
Tramites,Agregado tiempo semanal en realizar trámites de los miembros del hogar
Compras,Agregado tiempo semanal en realizar compras para el hogar
Cuidnene,Agregado tiempo semanal en cuidar menores de 12 años del hogar
Cuidadis,Agregado tiempo semanal en cuidar a miembro del hogar con alguna discapacidad
Cuidaenf,Agregado tiempo semanal en cuidar a personas del hogar enfermas
Traslada,Agregado tiempo semanal en traslado o acompañamiento a algún miembro del hogar
Reparar,Agregado tiempo semanal en realizar reparaciones en el hogar
Gerencia,Agregado tiempo semanal en gerenciar el hogar
Voluntar,Agregado tiempo semanal en trabajo voluntario y para la comunidad
Ayuohog,Agregado tiempo semanal en apoyar a otros hogares en trabajo domestico y cuidado
Convisoci,Agregado tiempo semanal de convivencia social (tiempo libre)
Medios,Agregado tiempo semanal dedicado a medios de comunicación (tiempo libre)
Aficiojue,"Agregado tiempo semanal de aficiones, juegos y pasatiempos (tiempo libre)"
Espcentre,Agregado tiempo semanal de esparcimiento y entretenimiento (tiempo libre)
Deporte,Agregado tiempo semanal de hacer ejercicios o deporte (tiempo libre)
tbusco,Agregado tiempo semanal en busar trabajo
Tiemlibre,Agregado tiempo semanal de tiempo libre total (incluído tiempo propio)
dominter,Agregado tiempo semanal de trabajo doméstico interno para el hogar
domexter,Agregado tiempo semanal de trabajo doméstico externo para el hogar
cuidados,"Agregado tiempo semanal cuidado a menores d 12 años, pers. enfermas y pers.con discapacidad, miembros del hogar"
VolunComun,Tiempo trabajo para otros hogares y la comunidad (Voluntario)
DOMTOTAL,Agregado tiempo semanal de trabajo doméstico total
tiemtrab,"Agregado tiempo semanal de trabajo,traslado y buscar en el mercado laboral"
Autoconsumo,Agregado tiempo semanal en Autoconsumo
REMUNTOT,Agregado tiempo semanal en actividades de trabajo remunerado total
TTT,Tiempo Total de Trabajo
Partneycu,Participación en actividades de cuidado personal y de salud
Parteduca,Participación en actividades de educación
Partcocin,Participación en la actividad de cocinar
Partapoyo,Participación en actividades de apoyo culinario
Partarregl,Participación en actividades de arreglo de casa
Partarrero,Participación en actividades de arreglo de ropa de miembros del hogar
Parttrami,Participación en trámites del hogar
Partcompra,Participación en actividades de compras para el hogar
Partcuinen,"Participación en cuidado a personas menores de 12 años de edad, miembros del hogar"
Partcuidi,Participación en cuidado a personas del hogar con algún tipo de discapacidad
Partcuienf,Participación en cuidado a pesonas enfermas del hogar
Parttrasla,"Participación en traslados de miembros del hogar a trabajos o para estudios, entre otros"
Partrepara,Participación en actividades de reparación de cualquier tipo en la vivienda del hogar
Partgeren,Participación en actividades gerenciales del hogar
Partvolun,Participación en actividades de voluntariado
Partothog,Participación en actividades domésticas y de cuidado a otros hogares
Partpropi,Participación en actividades propias como descansar y/o meditar
Partconvi,Participación en actividades de convivencia social (tiempo libre)
Partmedio,Participación en actividades de medios masivos (tiempo libre)
Partafijue,Participación en actividades de aficiones y juegos (tiempo libre)
Partespen,Participación en actividades de esparcimiento y entretenimiento (tiempo libre)
Partdepor,Participación en actividades deportivas (tienpo libre)
Partdomin,Participación en actividades de trabajo doméstico dentro del hogar
Partdomex,Participación en actividades de trabajo doméstico fuera del hogar
Partcuida,"Participación en activ de cuidados a menores de 12 años, personas enfermas, discapacidad del hogar"
PartiVolunComuni,Participación en actividades de trabajo voluntario para otros hogares y comunidad
Partdomto,Participación en trabajo doméstico total
Partrabajo,Participación en trabajo remunerado y traslados respectivos
Partbusco,Participación en actividades de búsqueda de trabajo
PartiAutoconsum,Participación en actividades de trabajo para autoconsumo
Partremuto,Participación en actividades de trabajo remunerado total
PartiTTT,Participación en actividades de trabajo remunerado y no remunerado
ocupado,Ocupados
desocup,Desocupados
Etnia,Autoidentiticación étnica
id_upm,Identificador de la Unidad Primaria de Muestreo
id_hogar,Identificador del hogar
id_per,Identificador de la persona
ciudades,Ciudades autorepresentadas
provin,Provincia
rn,Región Natural
dominio,Dominios
fexp,Factor de expansion
